,Algorithm,Samples,Score,Iterations
0,RHC,10,7.0,2.0
1,RHC,10,7.0,3.0
2,RHC,10,7.0,4.0
3,RHC,10,7.0,5.0
4,RHC,10,7.0,6.0
5,RHC,10,7.0,7.0
6,RHC,10,7.0,8.0
7,RHC,10,8.0,10.0
8,RHC,10,8.0,11.0
9,RHC,10,9.0,13.0
10,RHC,10,10.0,15.0
11,RHC,10,10.0,16.0
12,RHC,10,10.0,17.0
13,RHC,10,10.0,18.0
14,RHC,10,10.0,19.0
15,RHC,10,10.0,20.0
16,RHC,10,10.0,21.0
17,RHC,10,10.0,22.0
18,RHC,10,10.0,23.0
19,RHC,10,10.0,24.0
20,RHC,10,10.0,25.0
21,GENETIC,10,10.0,402.0
22,GENETIC,10,10.0,603.0
23,GENETIC,10,10.0,804.0
24,GENETIC,10,10.0,1005.0
25,GENETIC,10,10.0,1206.0
26,GENETIC,10,10.0,1407.0
27,GENETIC,10,10.0,1608.0
28,GENETIC,10,10.0,1809.0
29,GENETIC,10,10.0,2010.0
30,GENETIC,10,10.0,2211.0
31,GENETIC,10,10.0,2412.0
32,MIMIC,10,10.0,402.0
33,MIMIC,10,10.0,603.0
34,MIMIC,10,10.0,804.0
35,MIMIC,10,10.0,1005.0
36,MIMIC,10,10.0,1206.0
37,MIMIC,10,10.0,1407.0
38,MIMIC,10,10.0,1608.0
39,MIMIC,10,10.0,1809.0
40,MIMIC,10,10.0,2010.0
41,MIMIC,10,10.0,2211.0
42,MIMIC,10,10.0,2412.0
43,SIMANNEAL,10,7.0,2.0
44,SIMANNEAL,10,7.0,3.0
45,SIMANNEAL,10,7.0,4.0
46,SIMANNEAL,10,7.0,5.0
47,SIMANNEAL,10,6.0,7.0
48,SIMANNEAL,10,7.0,9.0
49,SIMANNEAL,10,6.0,11.0
50,SIMANNEAL,10,6.0,12.0
51,SIMANNEAL,10,5.0,14.0
52,SIMANNEAL,10,6.0,16.0
53,SIMANNEAL,10,7.0,18.0
54,SIMANNEAL,10,7.0,19.0
55,SIMANNEAL,10,7.0,20.0
56,SIMANNEAL,10,8.0,22.0
57,SIMANNEAL,10,9.0,24.0
58,SIMANNEAL,10,10.0,26.0
59,SIMANNEAL,10,9.0,28.0
60,SIMANNEAL,10,9.0,29.0
61,SIMANNEAL,10,8.0,31.0
62,SIMANNEAL,10,8.0,32.0
63,SIMANNEAL,10,9.0,34.0
64,SIMANNEAL,10,10.0,36.0
65,SIMANNEAL,10,10.0,37.0
66,SIMANNEAL,10,9.0,39.0
67,SIMANNEAL,10,9.0,40.0
68,SIMANNEAL,10,9.0,41.0
69,SIMANNEAL,10,9.0,42.0
70,SIMANNEAL,10,9.0,43.0
71,SIMANNEAL,10,8.0,45.0
72,SIMANNEAL,10,8.0,46.0
73,SIMANNEAL,10,8.0,47.0
74,SIMANNEAL,10,7.0,49.0
75,SIMANNEAL,10,7.0,50.0
76,SIMANNEAL,10,8.0,52.0
77,SIMANNEAL,10,9.0,54.0
78,SIMANNEAL,10,9.0,55.0
79,SIMANNEAL,10,9.0,56.0
80,SIMANNEAL,10,8.0,58.0
81,SIMANNEAL,10,7.0,60.0
82,SIMANNEAL,10,8.0,62.0
83,SIMANNEAL,10,9.0,64.0
84,SIMANNEAL,10,9.0,65.0
85,SIMANNEAL,10,9.0,66.0
86,SIMANNEAL,10,9.0,67.0
87,SIMANNEAL,10,9.0,68.0
88,SIMANNEAL,10,8.0,70.0
89,SIMANNEAL,10,9.0,72.0
90,SIMANNEAL,10,9.0,73.0
91,SIMANNEAL,10,9.0,74.0
92,SIMANNEAL,10,9.0,75.0
93,SIMANNEAL,10,9.0,76.0
94,SIMANNEAL,10,8.0,78.0
95,SIMANNEAL,10,9.0,80.0
96,SIMANNEAL,10,9.0,81.0
97,SIMANNEAL,10,10.0,83.0
98,SIMANNEAL,10,9.0,85.0
99,SIMANNEAL,10,9.0,86.0
100,SIMANNEAL,10,8.0,88.0
101,SIMANNEAL,10,8.0,89.0
102,SIMANNEAL,10,8.0,90.0
103,SIMANNEAL,10,9.0,92.0
104,SIMANNEAL,10,9.0,93.0
105,SIMANNEAL,10,9.0,94.0
106,SIMANNEAL,10,10.0,96.0
107,SIMANNEAL,10,10.0,97.0
108,SIMANNEAL,10,10.0,98.0
109,SIMANNEAL,10,9.0,100.0
110,SIMANNEAL,10,10.0,102.0
111,SIMANNEAL,10,9.0,104.0
112,SIMANNEAL,10,9.0,105.0
113,SIMANNEAL,10,9.0,106.0
114,SIMANNEAL,10,9.0,107.0
115,SIMANNEAL,10,9.0,108.0
116,SIMANNEAL,10,9.0,109.0
117,SIMANNEAL,10,8.0,111.0
118,SIMANNEAL,10,8.0,112.0
119,SIMANNEAL,10,8.0,113.0
120,SIMANNEAL,10,8.0,114.0
121,SIMANNEAL,10,8.0,115.0
122,SIMANNEAL,10,9.0,117.0
123,SIMANNEAL,10,9.0,118.0
124,SIMANNEAL,10,9.0,119.0
125,SIMANNEAL,10,9.0,120.0
126,SIMANNEAL,10,9.0,121.0
127,SIMANNEAL,10,9.0,122.0
128,SIMANNEAL,10,9.0,123.0
129,SIMANNEAL,10,9.0,124.0
130,SIMANNEAL,10,9.0,125.0
131,SIMANNEAL,10,9.0,126.0
132,SIMANNEAL,10,9.0,127.0
133,RHC,20,12.0,2.0
134,RHC,20,12.0,3.0
135,RHC,20,13.0,5.0
136,RHC,20,14.0,7.0
137,RHC,20,14.0,8.0
138,RHC,20,14.0,9.0
139,RHC,20,14.0,10.0
140,RHC,20,14.0,11.0
141,RHC,20,15.0,13.0
142,RHC,20,15.0,14.0
143,RHC,20,15.0,15.0
144,RHC,20,15.0,16.0
145,RHC,20,15.0,17.0
146,RHC,20,15.0,18.0
147,RHC,20,15.0,19.0
148,RHC,20,15.0,20.0
149,RHC,20,16.0,22.0
150,RHC,20,16.0,23.0
151,RHC,20,16.0,24.0
152,RHC,20,17.0,26.0
153,RHC,20,17.0,27.0
154,RHC,20,17.0,28.0
155,RHC,20,18.0,30.0
156,RHC,20,18.0,31.0
157,RHC,20,18.0,32.0
158,RHC,20,18.0,33.0
159,RHC,20,18.0,34.0
160,RHC,20,18.0,35.0
161,RHC,20,18.0,36.0
162,RHC,20,18.0,37.0
163,RHC,20,18.0,38.0
164,RHC,20,18.0,39.0
165,RHC,20,18.0,40.0
166,GENETIC,20,16.0,402.0
167,GENETIC,20,18.0,604.0
168,GENETIC,20,19.0,806.0
169,GENETIC,20,19.0,1007.0
170,GENETIC,20,19.0,1208.0
171,GENETIC,20,19.0,1409.0
172,GENETIC,20,20.0,1611.0
173,GENETIC,20,20.0,1812.0
174,GENETIC,20,20.0,2013.0
175,GENETIC,20,20.0,2214.0
176,GENETIC,20,20.0,2415.0
177,GENETIC,20,20.0,2616.0
178,GENETIC,20,20.0,2817.0
179,GENETIC,20,20.0,3018.0
180,GENETIC,20,20.0,3219.0
181,GENETIC,20,20.0,3420.0
182,GENETIC,20,20.0,3621.0
183,MIMIC,20,17.0,402.0
184,MIMIC,20,19.0,604.0
185,MIMIC,20,19.0,805.0
186,MIMIC,20,20.0,1007.0
187,MIMIC,20,20.0,1208.0
188,MIMIC,20,20.0,1409.0
189,MIMIC,20,20.0,1610.0
190,MIMIC,20,20.0,1811.0
191,MIMIC,20,20.0,2012.0
192,MIMIC,20,20.0,2213.0
193,MIMIC,20,20.0,2414.0
194,MIMIC,20,20.0,2615.0
195,MIMIC,20,20.0,2816.0
196,MIMIC,20,20.0,3017.0
197,SIMANNEAL,20,12.0,2.0
198,SIMANNEAL,20,11.0,4.0
199,SIMANNEAL,20,12.0,6.0
200,SIMANNEAL,20,11.0,8.0
201,SIMANNEAL,20,11.0,9.0
202,SIMANNEAL,20,10.0,11.0
203,SIMANNEAL,20,11.0,13.0
204,SIMANNEAL,20,12.0,15.0
205,SIMANNEAL,20,12.0,16.0
206,SIMANNEAL,20,13.0,18.0
207,SIMANNEAL,20,13.0,19.0
208,SIMANNEAL,20,12.0,21.0
209,SIMANNEAL,20,13.0,23.0
210,SIMANNEAL,20,14.0,25.0
211,SIMANNEAL,20,13.0,27.0
212,SIMANNEAL,20,13.0,28.0
213,SIMANNEAL,20,12.0,30.0
214,SIMANNEAL,20,13.0,32.0
215,SIMANNEAL,20,14.0,34.0
216,SIMANNEAL,20,14.0,35.0
217,SIMANNEAL,20,15.0,37.0
218,SIMANNEAL,20,16.0,39.0
219,SIMANNEAL,20,17.0,41.0
220,SIMANNEAL,20,16.0,43.0
221,SIMANNEAL,20,17.0,45.0
222,SIMANNEAL,20,17.0,46.0
223,SIMANNEAL,20,17.0,47.0
224,SIMANNEAL,20,17.0,48.0
225,SIMANNEAL,20,16.0,50.0
226,SIMANNEAL,20,16.0,51.0
227,SIMANNEAL,20,15.0,53.0
228,SIMANNEAL,20,15.0,54.0
229,SIMANNEAL,20,15.0,55.0
230,SIMANNEAL,20,15.0,56.0
231,SIMANNEAL,20,16.0,58.0
232,SIMANNEAL,20,15.0,60.0
233,SIMANNEAL,20,15.0,61.0
234,SIMANNEAL,20,16.0,63.0
235,SIMANNEAL,20,15.0,65.0
236,SIMANNEAL,20,16.0,67.0
237,SIMANNEAL,20,16.0,68.0
238,SIMANNEAL,20,16.0,69.0
239,SIMANNEAL,20,16.0,70.0
240,SIMANNEAL,20,17.0,72.0
241,SIMANNEAL,20,17.0,73.0
242,SIMANNEAL,20,17.0,74.0
243,SIMANNEAL,20,17.0,75.0
244,SIMANNEAL,20,17.0,76.0
245,SIMANNEAL,20,17.0,77.0
246,SIMANNEAL,20,16.0,79.0
247,SIMANNEAL,20,17.0,81.0
248,SIMANNEAL,20,17.0,82.0
249,SIMANNEAL,20,16.0,84.0
250,SIMANNEAL,20,16.0,85.0
251,SIMANNEAL,20,17.0,87.0
252,SIMANNEAL,20,17.0,88.0
253,SIMANNEAL,20,17.0,89.0
254,SIMANNEAL,20,17.0,90.0
255,SIMANNEAL,20,17.0,91.0
256,SIMANNEAL,20,18.0,93.0
257,SIMANNEAL,20,19.0,95.0
258,SIMANNEAL,20,18.0,97.0
259,SIMANNEAL,20,18.0,98.0
260,SIMANNEAL,20,18.0,99.0
261,SIMANNEAL,20,17.0,101.0
262,SIMANNEAL,20,17.0,102.0
263,SIMANNEAL,20,17.0,103.0
264,SIMANNEAL,20,17.0,104.0
265,SIMANNEAL,20,17.0,105.0
266,SIMANNEAL,20,17.0,106.0
267,SIMANNEAL,20,17.0,107.0
268,SIMANNEAL,20,16.0,109.0
269,SIMANNEAL,20,16.0,110.0
270,SIMANNEAL,20,16.0,111.0
271,SIMANNEAL,20,16.0,112.0
272,SIMANNEAL,20,16.0,113.0
273,SIMANNEAL,20,16.0,114.0
274,SIMANNEAL,20,17.0,116.0
275,SIMANNEAL,20,16.0,118.0
276,SIMANNEAL,20,16.0,119.0
277,SIMANNEAL,20,16.0,120.0
278,SIMANNEAL,20,16.0,121.0
279,SIMANNEAL,20,16.0,122.0
280,SIMANNEAL,20,17.0,124.0
281,SIMANNEAL,20,17.0,125.0
282,SIMANNEAL,20,17.0,126.0
283,SIMANNEAL,20,17.0,127.0
284,SIMANNEAL,20,17.0,128.0
285,SIMANNEAL,20,17.0,129.0
286,SIMANNEAL,20,18.0,131.0
287,SIMANNEAL,20,18.0,132.0
288,SIMANNEAL,20,19.0,134.0
289,SIMANNEAL,20,19.0,135.0
290,SIMANNEAL,20,19.0,136.0
291,SIMANNEAL,20,19.0,137.0
292,SIMANNEAL,20,19.0,138.0
293,SIMANNEAL,20,19.0,139.0
294,SIMANNEAL,20,19.0,140.0
295,SIMANNEAL,20,19.0,141.0
296,SIMANNEAL,20,20.0,143.0
297,SIMANNEAL,20,20.0,144.0
298,SIMANNEAL,20,20.0,145.0
299,SIMANNEAL,20,20.0,146.0
300,SIMANNEAL,20,20.0,147.0
301,SIMANNEAL,20,20.0,148.0
302,SIMANNEAL,20,20.0,149.0
303,SIMANNEAL,20,20.0,150.0
304,SIMANNEAL,20,20.0,151.0
305,SIMANNEAL,20,20.0,152.0
306,SIMANNEAL,20,20.0,153.0
307,RHC,30,17.0,1.0
308,RHC,30,17.0,2.0
309,RHC,30,18.0,4.0
310,RHC,30,18.0,5.0
311,RHC,30,18.0,6.0
312,RHC,30,18.0,7.0
313,RHC,30,18.0,8.0
314,RHC,30,18.0,9.0
315,RHC,30,19.0,11.0
316,RHC,30,19.0,12.0
317,RHC,30,19.0,13.0
318,RHC,30,20.0,15.0
319,RHC,30,20.0,16.0
320,RHC,30,20.0,17.0
321,RHC,30,20.0,18.0
322,RHC,30,21.0,20.0
323,RHC,30,21.0,21.0
324,RHC,30,22.0,23.0
325,RHC,30,23.0,25.0
326,RHC,30,23.0,26.0
327,RHC,30,23.0,27.0
328,RHC,30,23.0,28.0
329,RHC,30,23.0,29.0
330,RHC,30,24.0,31.0
331,RHC,30,24.0,32.0
332,RHC,30,24.0,33.0
333,RHC,30,24.0,34.0
334,RHC,30,24.0,35.0
335,RHC,30,24.0,36.0
336,RHC,30,24.0,37.0
337,RHC,30,25.0,39.0
338,RHC,30,25.0,40.0
339,RHC,30,25.0,41.0
340,RHC,30,25.0,42.0
341,RHC,30,25.0,43.0
342,RHC,30,25.0,44.0
343,RHC,30,25.0,45.0
344,RHC,30,25.0,46.0
345,RHC,30,25.0,47.0
346,RHC,30,25.0,48.0
347,RHC,30,25.0,49.0
348,GENETIC,30,23.0,402.0
349,GENETIC,30,23.0,603.0
350,GENETIC,30,23.0,804.0
351,GENETIC,30,25.0,1006.0
352,GENETIC,30,25.0,1207.0
353,GENETIC,30,25.0,1408.0
354,GENETIC,30,27.0,1610.0
355,GENETIC,30,28.0,1812.0
356,GENETIC,30,29.0,2014.0
357,GENETIC,30,29.0,2215.0
358,GENETIC,30,30.0,2417.0
359,GENETIC,30,30.0,2618.0
360,GENETIC,30,30.0,2819.0
361,GENETIC,30,30.0,3020.0
362,GENETIC,30,30.0,3221.0
363,GENETIC,30,30.0,3422.0
364,GENETIC,30,30.0,3623.0
365,GENETIC,30,30.0,3824.0
366,GENETIC,30,30.0,4025.0
367,GENETIC,30,30.0,4226.0
368,GENETIC,30,30.0,4427.0
369,MIMIC,30,23.0,402.0
370,MIMIC,30,26.0,604.0
371,MIMIC,30,27.0,806.0
372,MIMIC,30,29.0,1008.0
373,MIMIC,30,30.0,1210.0
374,MIMIC,30,30.0,1411.0
375,MIMIC,30,30.0,1612.0
376,MIMIC,30,30.0,1813.0
377,MIMIC,30,30.0,2014.0
378,MIMIC,30,30.0,2215.0
379,MIMIC,30,30.0,2416.0
380,MIMIC,30,30.0,2617.0
381,MIMIC,30,30.0,2818.0
382,MIMIC,30,30.0,3019.0
383,MIMIC,30,30.0,3220.0
384,SIMANNEAL,30,17.0,1.0
385,SIMANNEAL,30,16.0,3.0
386,SIMANNEAL,30,15.0,5.0
387,SIMANNEAL,30,16.0,7.0
388,SIMANNEAL,30,16.0,8.0
389,SIMANNEAL,30,15.0,10.0
390,SIMANNEAL,30,15.0,11.0
391,SIMANNEAL,30,14.0,13.0
392,SIMANNEAL,30,15.0,15.0
393,SIMANNEAL,30,16.0,17.0
394,SIMANNEAL,30,17.0,19.0
395,SIMANNEAL,30,17.0,20.0
396,SIMANNEAL,30,16.0,22.0
397,SIMANNEAL,30,17.0,24.0
398,SIMANNEAL,30,17.0,25.0
399,SIMANNEAL,30,16.0,27.0
400,SIMANNEAL,30,15.0,29.0
401,SIMANNEAL,30,15.0,30.0
402,SIMANNEAL,30,16.0,32.0
403,SIMANNEAL,30,17.0,34.0
404,SIMANNEAL,30,18.0,36.0
405,SIMANNEAL,30,19.0,38.0
406,SIMANNEAL,30,19.0,39.0
407,SIMANNEAL,30,20.0,41.0
408,SIMANNEAL,30,20.0,42.0
409,SIMANNEAL,30,19.0,44.0
410,SIMANNEAL,30,19.0,45.0
411,SIMANNEAL,30,18.0,47.0
412,SIMANNEAL,30,18.0,48.0
413,SIMANNEAL,30,19.0,50.0
414,SIMANNEAL,30,20.0,52.0
415,SIMANNEAL,30,19.0,54.0
416,SIMANNEAL,30,19.0,55.0
417,SIMANNEAL,30,19.0,56.0
418,SIMANNEAL,30,19.0,57.0
419,SIMANNEAL,30,19.0,58.0
420,SIMANNEAL,30,18.0,60.0
421,SIMANNEAL,30,18.0,61.0
422,SIMANNEAL,30,19.0,63.0
423,SIMANNEAL,30,18.0,65.0
424,SIMANNEAL,30,19.0,67.0
425,SIMANNEAL,30,19.0,68.0
426,SIMANNEAL,30,18.0,70.0
427,SIMANNEAL,30,18.0,71.0
428,SIMANNEAL,30,19.0,73.0
429,SIMANNEAL,30,20.0,75.0
430,SIMANNEAL,30,20.0,76.0
431,SIMANNEAL,30,20.0,77.0
432,SIMANNEAL,30,20.0,78.0
433,SIMANNEAL,30,21.0,80.0
434,SIMANNEAL,30,20.0,82.0
435,SIMANNEAL,30,20.0,83.0
436,SIMANNEAL,30,21.0,85.0
437,SIMANNEAL,30,21.0,86.0
438,SIMANNEAL,30,22.0,88.0
439,SIMANNEAL,30,23.0,90.0
440,SIMANNEAL,30,23.0,91.0
441,SIMANNEAL,30,23.0,92.0
442,SIMANNEAL,30,22.0,94.0
443,SIMANNEAL,30,23.0,96.0
444,SIMANNEAL,30,23.0,97.0
445,SIMANNEAL,30,23.0,98.0
446,SIMANNEAL,30,23.0,99.0
447,SIMANNEAL,30,23.0,100.0
448,SIMANNEAL,30,24.0,102.0
449,SIMANNEAL,30,23.0,104.0
450,SIMANNEAL,30,23.0,105.0
451,SIMANNEAL,30,24.0,107.0
452,SIMANNEAL,30,23.0,109.0
453,SIMANNEAL,30,23.0,110.0
454,SIMANNEAL,30,23.0,111.0
455,SIMANNEAL,30,24.0,113.0
456,SIMANNEAL,30,24.0,114.0
457,SIMANNEAL,30,24.0,115.0
458,SIMANNEAL,30,24.0,116.0
459,SIMANNEAL,30,24.0,117.0
460,SIMANNEAL,30,24.0,118.0
461,SIMANNEAL,30,25.0,120.0
462,SIMANNEAL,30,25.0,121.0
463,SIMANNEAL,30,25.0,122.0
464,SIMANNEAL,30,25.0,123.0
465,SIMANNEAL,30,25.0,124.0
466,SIMANNEAL,30,25.0,125.0
467,SIMANNEAL,30,25.0,126.0
468,SIMANNEAL,30,25.0,127.0
469,SIMANNEAL,30,24.0,129.0
470,SIMANNEAL,30,24.0,130.0
471,SIMANNEAL,30,24.0,131.0
472,SIMANNEAL,30,24.0,132.0
473,SIMANNEAL,30,24.0,133.0
474,SIMANNEAL,30,24.0,134.0
475,SIMANNEAL,30,24.0,135.0
476,SIMANNEAL,30,25.0,137.0
477,SIMANNEAL,30,25.0,138.0
478,SIMANNEAL,30,25.0,139.0
479,SIMANNEAL,30,25.0,140.0
480,SIMANNEAL,30,25.0,141.0
481,SIMANNEAL,30,26.0,143.0
482,SIMANNEAL,30,26.0,144.0
483,SIMANNEAL,30,26.0,145.0
484,SIMANNEAL,30,26.0,146.0
485,SIMANNEAL,30,26.0,147.0
486,SIMANNEAL,30,26.0,148.0
487,SIMANNEAL,30,26.0,149.0
488,SIMANNEAL,30,27.0,151.0
489,SIMANNEAL,30,27.0,152.0
490,SIMANNEAL,30,27.0,153.0
491,SIMANNEAL,30,27.0,154.0
492,SIMANNEAL,30,28.0,156.0
493,SIMANNEAL,30,28.0,157.0
494,SIMANNEAL,30,29.0,159.0
495,SIMANNEAL,30,29.0,160.0
496,SIMANNEAL,30,29.0,161.0
497,SIMANNEAL,30,29.0,162.0
498,SIMANNEAL,30,29.0,163.0
499,SIMANNEAL,30,29.0,164.0
500,SIMANNEAL,30,30.0,166.0
501,SIMANNEAL,30,30.0,167.0
502,SIMANNEAL,30,30.0,168.0
503,SIMANNEAL,30,30.0,169.0
504,SIMANNEAL,30,30.0,170.0
505,SIMANNEAL,30,29.0,172.0
506,SIMANNEAL,30,29.0,173.0
507,SIMANNEAL,30,29.0,174.0
508,SIMANNEAL,30,29.0,175.0
509,SIMANNEAL,30,29.0,176.0
510,SIMANNEAL,30,29.0,177.0
511,SIMANNEAL,30,29.0,178.0
512,SIMANNEAL,30,29.0,179.0
513,SIMANNEAL,30,29.0,180.0
514,SIMANNEAL,30,29.0,181.0
515,SIMANNEAL,30,28.0,183.0
516,SIMANNEAL,30,28.0,184.0
517,SIMANNEAL,30,28.0,185.0
518,SIMANNEAL,30,28.0,186.0
519,SIMANNEAL,30,28.0,187.0
520,SIMANNEAL,30,28.0,188.0
521,SIMANNEAL,30,28.0,189.0
522,SIMANNEAL,30,28.0,190.0
523,SIMANNEAL,30,28.0,191.0
524,SIMANNEAL,30,28.0,192.0
525,SIMANNEAL,30,28.0,193.0
526,RHC,40,23.0,1.0
527,RHC,40,23.0,2.0
528,RHC,40,24.0,4.0
529,RHC,40,24.0,5.0
530,RHC,40,25.0,7.0
531,RHC,40,26.0,9.0
532,RHC,40,26.0,10.0
533,RHC,40,26.0,11.0
534,RHC,40,27.0,13.0
535,RHC,40,27.0,14.0
536,RHC,40,27.0,15.0
537,RHC,40,28.0,17.0
538,RHC,40,28.0,18.0
539,RHC,40,29.0,20.0
540,RHC,40,29.0,21.0
541,RHC,40,29.0,22.0
542,RHC,40,30.0,24.0
543,RHC,40,31.0,26.0
544,RHC,40,31.0,27.0
545,RHC,40,31.0,28.0
546,RHC,40,32.0,30.0
547,RHC,40,32.0,31.0
548,RHC,40,32.0,32.0
549,RHC,40,32.0,33.0
550,RHC,40,32.0,34.0
551,RHC,40,32.0,35.0
552,RHC,40,32.0,36.0
553,RHC,40,32.0,37.0
554,RHC,40,33.0,39.0
555,RHC,40,33.0,40.0
556,RHC,40,33.0,41.0
557,RHC,40,33.0,42.0
558,RHC,40,33.0,43.0
559,RHC,40,33.0,44.0
560,RHC,40,34.0,46.0
561,RHC,40,34.0,47.0
562,RHC,40,34.0,48.0
563,RHC,40,34.0,49.0
564,RHC,40,34.0,50.0
565,RHC,40,35.0,52.0
566,RHC,40,35.0,53.0
567,RHC,40,35.0,54.0
568,RHC,40,35.0,55.0
569,RHC,40,35.0,56.0
570,RHC,40,35.0,57.0
571,RHC,40,35.0,58.0
572,RHC,40,35.0,59.0
573,RHC,40,35.0,60.0
574,RHC,40,36.0,62.0
575,RHC,40,37.0,64.0
576,RHC,40,37.0,65.0
577,RHC,40,37.0,66.0
578,RHC,40,37.0,67.0
579,RHC,40,37.0,68.0
580,RHC,40,37.0,69.0
581,RHC,40,37.0,70.0
582,RHC,40,37.0,71.0
583,RHC,40,38.0,73.0
584,RHC,40,38.0,74.0
585,RHC,40,38.0,75.0
586,RHC,40,38.0,76.0
587,RHC,40,38.0,77.0
588,RHC,40,38.0,78.0
589,RHC,40,38.0,79.0
590,RHC,40,38.0,80.0
591,RHC,40,38.0,81.0
592,RHC,40,38.0,82.0
593,RHC,40,38.0,83.0
594,GENETIC,40,28.0,402.0
595,GENETIC,40,31.0,604.0
596,GENETIC,40,31.0,805.0
597,GENETIC,40,32.0,1007.0
598,GENETIC,40,33.0,1209.0
599,GENETIC,40,33.0,1410.0
600,GENETIC,40,36.0,1612.0
601,GENETIC,40,36.0,1813.0
602,GENETIC,40,38.0,2015.0
603,GENETIC,40,38.0,2216.0
604,GENETIC,40,38.0,2417.0
605,GENETIC,40,38.0,2618.0
606,GENETIC,40,38.0,2819.0
607,GENETIC,40,38.0,3020.0
608,GENETIC,40,39.0,3222.0
609,GENETIC,40,39.0,3423.0
610,GENETIC,40,40.0,3625.0
611,GENETIC,40,40.0,3826.0
612,GENETIC,40,40.0,4027.0
613,GENETIC,40,40.0,4228.0
614,GENETIC,40,40.0,4429.0
615,GENETIC,40,40.0,4630.0
616,GENETIC,40,40.0,4831.0
617,GENETIC,40,40.0,5032.0
618,GENETIC,40,40.0,5233.0
619,GENETIC,40,40.0,5434.0
620,GENETIC,40,40.0,5635.0
621,MIMIC,40,32.0,402.0
622,MIMIC,40,34.0,604.0
623,MIMIC,40,37.0,806.0
624,MIMIC,40,38.0,1008.0
625,MIMIC,40,40.0,1210.0
626,MIMIC,40,40.0,1411.0
627,MIMIC,40,40.0,1612.0
628,MIMIC,40,40.0,1813.0
629,MIMIC,40,40.0,2014.0
630,MIMIC,40,40.0,2215.0
631,MIMIC,40,40.0,2416.0
632,MIMIC,40,40.0,2617.0
633,MIMIC,40,40.0,2818.0
634,MIMIC,40,40.0,3019.0
635,MIMIC,40,40.0,3220.0
636,SIMANNEAL,40,23.0,1.0
637,SIMANNEAL,40,24.0,3.0
638,SIMANNEAL,40,24.0,4.0
639,SIMANNEAL,40,25.0,6.0
640,SIMANNEAL,40,25.0,7.0
641,SIMANNEAL,40,24.0,9.0
642,SIMANNEAL,40,25.0,11.0
643,SIMANNEAL,40,25.0,12.0
644,SIMANNEAL,40,24.0,14.0
645,SIMANNEAL,40,23.0,16.0
646,SIMANNEAL,40,22.0,18.0
647,SIMANNEAL,40,23.0,20.0
648,SIMANNEAL,40,24.0,22.0
649,SIMANNEAL,40,24.0,23.0
650,SIMANNEAL,40,24.0,24.0
651,SIMANNEAL,40,25.0,26.0
652,SIMANNEAL,40,25.0,27.0
653,SIMANNEAL,40,26.0,29.0
654,SIMANNEAL,40,27.0,31.0
655,SIMANNEAL,40,26.0,33.0
656,SIMANNEAL,40,26.0,34.0
657,SIMANNEAL,40,27.0,36.0
658,SIMANNEAL,40,28.0,38.0
659,SIMANNEAL,40,27.0,40.0
660,SIMANNEAL,40,27.0,41.0
661,SIMANNEAL,40,27.0,42.0
662,SIMANNEAL,40,28.0,44.0
663,SIMANNEAL,40,27.0,46.0
664,SIMANNEAL,40,27.0,47.0
665,SIMANNEAL,40,26.0,49.0
666,SIMANNEAL,40,27.0,51.0
667,SIMANNEAL,40,28.0,53.0
668,SIMANNEAL,40,29.0,55.0
669,SIMANNEAL,40,29.0,56.0
670,SIMANNEAL,40,30.0,58.0
671,SIMANNEAL,40,31.0,60.0
672,SIMANNEAL,40,31.0,61.0
673,SIMANNEAL,40,31.0,62.0
674,SIMANNEAL,40,31.0,63.0
675,SIMANNEAL,40,31.0,64.0
676,SIMANNEAL,40,32.0,66.0
677,SIMANNEAL,40,32.0,67.0
678,SIMANNEAL,40,33.0,69.0
679,SIMANNEAL,40,33.0,70.0
680,SIMANNEAL,40,33.0,71.0
681,SIMANNEAL,40,33.0,72.0
682,SIMANNEAL,40,33.0,73.0
683,SIMANNEAL,40,32.0,75.0
684,SIMANNEAL,40,32.0,76.0
685,SIMANNEAL,40,33.0,78.0
686,SIMANNEAL,40,34.0,80.0
687,SIMANNEAL,40,34.0,81.0
688,SIMANNEAL,40,34.0,82.0
689,SIMANNEAL,40,34.0,83.0
690,SIMANNEAL,40,35.0,85.0
691,SIMANNEAL,40,35.0,86.0
692,SIMANNEAL,40,35.0,87.0
693,SIMANNEAL,40,35.0,88.0
694,SIMANNEAL,40,36.0,90.0
695,SIMANNEAL,40,36.0,91.0
696,SIMANNEAL,40,36.0,92.0
697,SIMANNEAL,40,35.0,94.0
698,SIMANNEAL,40,35.0,95.0
699,SIMANNEAL,40,36.0,97.0
700,SIMANNEAL,40,36.0,98.0
701,SIMANNEAL,40,36.0,99.0
702,SIMANNEAL,40,35.0,101.0
703,SIMANNEAL,40,35.0,102.0
704,SIMANNEAL,40,35.0,103.0
705,SIMANNEAL,40,35.0,104.0
706,SIMANNEAL,40,35.0,105.0
707,SIMANNEAL,40,34.0,107.0
708,SIMANNEAL,40,34.0,108.0
709,SIMANNEAL,40,34.0,109.0
710,SIMANNEAL,40,35.0,111.0
711,SIMANNEAL,40,34.0,113.0
712,SIMANNEAL,40,34.0,114.0
713,SIMANNEAL,40,34.0,115.0
714,SIMANNEAL,40,34.0,116.0
715,SIMANNEAL,40,34.0,117.0
716,SIMANNEAL,40,34.0,118.0
717,SIMANNEAL,40,34.0,119.0
718,SIMANNEAL,40,34.0,120.0
719,SIMANNEAL,40,34.0,121.0
720,SIMANNEAL,40,34.0,122.0
721,SIMANNEAL,40,34.0,123.0
722,RHC,50,27.0,1.0
723,RHC,50,28.0,3.0
724,RHC,50,28.0,4.0
725,RHC,50,28.0,5.0
726,RHC,50,29.0,7.0
727,RHC,50,30.0,9.0
728,RHC,50,30.0,10.0
729,RHC,50,30.0,11.0
730,RHC,50,31.0,13.0
731,RHC,50,32.0,15.0
732,RHC,50,32.0,16.0
733,RHC,50,32.0,17.0
734,RHC,50,33.0,19.0
735,RHC,50,33.0,20.0
736,RHC,50,33.0,21.0
737,RHC,50,33.0,22.0
738,RHC,50,34.0,24.0
739,RHC,50,35.0,26.0
740,RHC,50,35.0,27.0
741,RHC,50,35.0,28.0
742,RHC,50,36.0,30.0
743,RHC,50,36.0,31.0
744,RHC,50,36.0,32.0
745,RHC,50,36.0,33.0
746,RHC,50,36.0,34.0
747,RHC,50,37.0,36.0
748,RHC,50,38.0,38.0
749,RHC,50,38.0,39.0
750,RHC,50,39.0,41.0
751,RHC,50,40.0,43.0
752,RHC,50,40.0,44.0
753,RHC,50,40.0,45.0
754,RHC,50,40.0,46.0
755,RHC,50,40.0,47.0
756,RHC,50,40.0,48.0
757,RHC,50,40.0,49.0
758,RHC,50,41.0,51.0
759,RHC,50,41.0,52.0
760,RHC,50,41.0,53.0
761,RHC,50,41.0,54.0
762,RHC,50,41.0,55.0
763,RHC,50,41.0,56.0
764,RHC,50,42.0,58.0
765,RHC,50,42.0,59.0
766,RHC,50,42.0,60.0
767,RHC,50,42.0,61.0
768,RHC,50,42.0,62.0
769,RHC,50,42.0,63.0
770,RHC,50,42.0,64.0
771,RHC,50,42.0,65.0
772,RHC,50,42.0,66.0
773,RHC,50,42.0,67.0
774,RHC,50,42.0,68.0
775,GENETIC,50,34.0,402.0
776,GENETIC,50,37.0,604.0
777,GENETIC,50,39.0,806.0
778,GENETIC,50,39.0,1007.0
779,GENETIC,50,39.0,1208.0
780,GENETIC,50,40.0,1410.0
781,GENETIC,50,42.0,1612.0
782,GENETIC,50,42.0,1813.0
783,GENETIC,50,44.0,2015.0
784,GENETIC,50,44.0,2216.0
785,GENETIC,50,44.0,2417.0
786,GENETIC,50,46.0,2619.0
787,GENETIC,50,46.0,2820.0
788,GENETIC,50,46.0,3021.0
789,GENETIC,50,47.0,3223.0
790,GENETIC,50,47.0,3424.0
791,GENETIC,50,49.0,3626.0
792,GENETIC,50,49.0,3827.0
793,GENETIC,50,49.0,4028.0
794,GENETIC,50,50.0,4230.0
795,GENETIC,50,50.0,4431.0
796,GENETIC,50,50.0,4632.0
797,GENETIC,50,50.0,4833.0
798,GENETIC,50,50.0,5034.0
799,GENETIC,50,50.0,5235.0
800,GENETIC,50,50.0,5436.0
801,GENETIC,50,50.0,5637.0
802,GENETIC,50,50.0,5838.0
803,GENETIC,50,50.0,6039.0
804,GENETIC,50,50.0,6240.0
805,MIMIC,50,36.0,402.0
806,MIMIC,50,40.0,604.0
807,MIMIC,50,43.0,806.0
808,MIMIC,50,46.0,1008.0
809,MIMIC,50,48.0,1210.0
810,MIMIC,50,49.0,1412.0
811,MIMIC,50,50.0,1614.0
812,MIMIC,50,50.0,1815.0
813,MIMIC,50,50.0,2016.0
814,MIMIC,50,50.0,2217.0
815,MIMIC,50,50.0,2418.0
816,MIMIC,50,50.0,2619.0
817,MIMIC,50,50.0,2820.0
818,MIMIC,50,50.0,3021.0
819,MIMIC,50,50.0,3222.0
820,MIMIC,50,50.0,3423.0
821,MIMIC,50,50.0,3624.0
822,SIMANNEAL,50,26.0,2.0
823,SIMANNEAL,50,27.0,4.0
824,SIMANNEAL,50,27.0,5.0
825,SIMANNEAL,50,26.0,7.0
826,SIMANNEAL,50,27.0,9.0
827,SIMANNEAL,50,27.0,10.0
828,SIMANNEAL,50,26.0,12.0
829,SIMANNEAL,50,25.0,14.0
830,SIMANNEAL,50,26.0,16.0
831,SIMANNEAL,50,25.0,18.0
832,SIMANNEAL,50,26.0,20.0
833,SIMANNEAL,50,27.0,22.0
834,SIMANNEAL,50,27.0,23.0
835,SIMANNEAL,50,27.0,24.0
836,SIMANNEAL,50,28.0,26.0
837,SIMANNEAL,50,29.0,28.0
838,SIMANNEAL,50,29.0,29.0
839,SIMANNEAL,50,30.0,31.0
840,SIMANNEAL,50,29.0,33.0
841,SIMANNEAL,50,29.0,34.0
842,SIMANNEAL,50,30.0,36.0
843,SIMANNEAL,50,31.0,38.0
844,SIMANNEAL,50,30.0,40.0
845,SIMANNEAL,50,30.0,41.0
846,SIMANNEAL,50,30.0,42.0
847,SIMANNEAL,50,30.0,43.0
848,SIMANNEAL,50,31.0,45.0
849,SIMANNEAL,50,30.0,47.0
850,SIMANNEAL,50,30.0,48.0
851,SIMANNEAL,50,29.0,50.0
852,SIMANNEAL,50,30.0,52.0
853,SIMANNEAL,50,31.0,54.0
854,SIMANNEAL,50,32.0,56.0
855,SIMANNEAL,50,31.0,58.0
856,SIMANNEAL,50,32.0,60.0
857,SIMANNEAL,50,32.0,61.0
858,SIMANNEAL,50,32.0,62.0
859,SIMANNEAL,50,33.0,64.0
860,SIMANNEAL,50,34.0,66.0
861,SIMANNEAL,50,35.0,68.0
862,SIMANNEAL,50,36.0,70.0
863,SIMANNEAL,50,36.0,71.0
864,SIMANNEAL,50,36.0,72.0
865,SIMANNEAL,50,36.0,73.0
866,SIMANNEAL,50,37.0,75.0
867,SIMANNEAL,50,37.0,76.0
868,SIMANNEAL,50,38.0,78.0
869,SIMANNEAL,50,38.0,79.0
870,SIMANNEAL,50,38.0,80.0
871,SIMANNEAL,50,39.0,82.0
872,SIMANNEAL,50,40.0,84.0
873,SIMANNEAL,50,40.0,85.0
874,SIMANNEAL,50,39.0,87.0
875,SIMANNEAL,50,40.0,89.0
876,SIMANNEAL,50,39.0,91.0
877,SIMANNEAL,50,39.0,92.0
878,SIMANNEAL,50,40.0,94.0
879,SIMANNEAL,50,39.0,96.0
880,SIMANNEAL,50,39.0,97.0
881,SIMANNEAL,50,39.0,98.0
882,SIMANNEAL,50,40.0,100.0
883,SIMANNEAL,50,41.0,102.0
884,SIMANNEAL,50,41.0,103.0
885,SIMANNEAL,50,42.0,105.0
886,SIMANNEAL,50,41.0,107.0
887,SIMANNEAL,50,42.0,109.0
888,SIMANNEAL,50,42.0,110.0
889,SIMANNEAL,50,42.0,111.0
890,SIMANNEAL,50,41.0,113.0
891,SIMANNEAL,50,41.0,114.0
892,SIMANNEAL,50,41.0,115.0
893,SIMANNEAL,50,41.0,116.0
894,SIMANNEAL,50,41.0,117.0
895,SIMANNEAL,50,42.0,119.0
896,SIMANNEAL,50,42.0,120.0
897,SIMANNEAL,50,42.0,121.0
898,SIMANNEAL,50,41.0,123.0
899,SIMANNEAL,50,41.0,124.0
900,SIMANNEAL,50,41.0,125.0
901,SIMANNEAL,50,40.0,127.0
902,SIMANNEAL,50,41.0,129.0
903,SIMANNEAL,50,41.0,130.0
904,SIMANNEAL,50,41.0,131.0
905,SIMANNEAL,50,42.0,133.0
906,SIMANNEAL,50,41.0,135.0
907,SIMANNEAL,50,41.0,136.0
908,SIMANNEAL,50,41.0,137.0
909,SIMANNEAL,50,41.0,138.0
910,SIMANNEAL,50,41.0,139.0
911,SIMANNEAL,50,41.0,140.0
912,SIMANNEAL,50,41.0,141.0
913,SIMANNEAL,50,41.0,142.0
914,SIMANNEAL,50,41.0,143.0
915,SIMANNEAL,50,41.0,144.0
916,SIMANNEAL,50,41.0,145.0
